{"Loss": 0.15467188507318497, "_runtime": 300, "_timestamp": 1631884662, "_step": 399, "Val Loss": 0.08722209930419922, "Acc": 11.600000000000001, "Val ACC": 2.7, "_wandb": {"runtime": 298}}