{"Loss": 0.1464940905570984, "_runtime": 43, "_timestamp": 1631884183, "_step": 151, "Val Loss": 0.07626824080944061, "Acc": 11.1, "Val ACC": 0.0, "_wandb": {"runtime": 42}}