{"Loss": 0.14954186975955963, "_runtime": 95, "_timestamp": 1631884291, "_step": 399, "Val Loss": 0.07706823945045471, "Acc": 11.1, "Val ACC": 0.0, "_wandb": {"runtime": 94}}